{
  "severity": {
    "accuracy": 0.5381231671554252,
    "f1_score": 0.6341089394663876,
    "classes": 3,
    "samples": 3410
  },
  "system": {
    "accuracy": 0.09824046920821114,
    "f1_score": 0.1362742954097214,
    "classes": 9,
    "samples": 3410
  },
  "binary": {
    "accuracy": 0.7668621700879765,
    "f1_score": 0.08092485549132948
  }
}